-- Programs
INSERT INTO `Programs`(`ID`, `NAME`, `DEVELOPER`) VALUES 
(1,"APP-1","DEV-1"),
(2,"APP-2","DEV-2"),
(3,"APP-3","DEV-3"),
(4,"APP-4","DEV-4"),
(5,"APP-5","DEV-5");


-- Categories
INSERT INTO `Categories`(`ID`, `NAME`) VALUES 
(1, "App"),
(2, "Game"),
(3, "News"),
(4, "Sport");

-- Ads
INSERT INTO `Ads`(`ID`, `PROGRAMID`, `CLICKPRICE`, `VISITPRICE`, `DOWNLOADPRICE`, `CATEGORYID`, `A_TIMESTAMP`) VALUES 
(1 , 1 , 4, 3, 7, 1, '2017-02-7 9:20:16  '),
(2 , 2 , 4, 3, 7, 1, '2017-02-1 7:55:58  '),
(3 , 2 , 4, 3, 8, 1, '2017-02-9 3:37:5   '),
(4 , 3 , 4, 3, 8, 1, '2017-02-20 4:18:19 '),
(5 , 3 , 4, 3, 8, 2, '2017-02-20 14:40:2 '),
(6 , 3 , 4, 2, 8, 2, '2017-02-7 17:12:58 '),
(7 , 4 , 4, 2, 7, 2, '2017-02-11 10:35:44'),
(8 , 4 , 4, 2, 7, 2, '2017-02-13 1:3:5   '),
(9 , 4 , 4, 2, 7, 3, '2017-02-13 1:37:30 '),
(10, 4 , 5, 2, 7, 3, '2017-02-7 9:20:16  '),
(11, 5 , 5, 2, 7, 3, '2017-02-16 5:54:49 '),
(12, 5 , 5, 2, 7, 3, '2017-02-15 9:11:47 '),
(13, 5 , 5, 3, 7, 4, '2017-02-6 13:32:27 '),
(14, 5 , 5, 3, 9, 4, '2017-02-6 3:7:29   '),
(15, 5 , 5, 3, 9, 4, '2017-02-1 13:56:51 '),
(16, 1 , 5, 3, 9, 4, '2017-02-5 3:55:2   '),
(17, 1 , 5, 3, 9, 1, '2017-02-13 14:24:15'),
(18, 1 , 5, 3, 7, 2, '2017-02-6 16:21:39 '),
(19, 2 , 5, 3, 7, 3, '2017-02-3 18:10:24 '),
(20, 2 , 5, 3, 7, 4, '2017-02-8 19:18:8  ');

-- Program Add
INSERT INTO `ProgramAds`(`ID`, `PROGRAMID`, `ADID`) VALUES
(1 , 1, 1),
(2 , 1, 2),
(3 , 1, 3),
(4 , 1, 4),
(5 , 1, 5),
(6 , 1, 6),
(7 , 1, 7),
(8 , 1, 8),
(9 , 1, 9),
(10, 1, 10),
(11, 1, 11),
(12, 1, 12),
(13, 1, 13),
(14, 1, 14),
(15, 1, 15),
(16, 1, 16),
(17, 1, 17),
(18, 1, 18),
(19, 1, 19),
(20, 1, 20),
(21, 2, 1),
(22, 2, 2),
(23, 2, 3),
(24, 2, 4),
(25, 2, 5),
(26, 2, 6),
(27, 2, 7),
(28, 2, 8),
(29, 2, 9),
(30, 2, 10),
(31, 2, 11),
(32, 2, 12),
(33, 2, 13),
(34, 2, 14),
(35, 2, 15),
(36, 2, 16),
(37, 2, 17),
(38, 2, 18),
(39, 2, 19),
(40, 2, 20),
(41, 3, 1),
(42, 3, 2),
(43, 3, 3),
(44, 3, 4),
(45, 3, 5),
(46, 3, 6),
(47, 3, 7),
(48, 3, 8),
(49, 3, 9),
(50, 3, 10),
(51, 3, 11),
(52, 3, 12),
(53, 3, 13),
(54, 3, 14),
(55, 3, 15),
(56, 3, 16),
(57, 3, 17),
(58, 3, 18),
(59, 3, 19),
(60, 3, 20),
(61, 4, 1),
(62, 4, 2),
(63, 4, 3),
(64, 4, 4),
(65, 4, 5),
(66, 4, 6),
(67, 4, 7),
(68, 4, 8),
(69, 4, 9),
(70, 4, 10),
(71, 4, 11),
(72, 4, 12),
(73, 4, 13),
(74, 4, 14),
(75, 4, 15),
(76, 4, 16),
(77, 4, 17),
(78, 4, 18),
(79, 4, 19),
(80, 4, 20),
(81, 5, 1),
(82, 5, 2),
(83, 5, 3),
(84, 5, 4),
(85, 5, 5),
(86, 5, 6),
(87, 5, 7),
(88, 5, 8),
(89, 5, 9),
(90, 5, 10),
(91, 5, 11),
(92, 5, 12),
(93, 5, 13),
(94, 5, 14),
(95, 5, 15),
(96, 5, 16),
(97, 5, 17),
(98, 5, 18),
(99, 5, 19),
(100,5, 20);

-- Clicks
INSERT INTO `Clicks`(`ID`, `PROGRAMADID`, `A_TIMESTAMP`) VALUES 
(1 ,84 , '2017-02-6 4:5:13   '),
(2 ,73 , '2017-02-7 9:20:16  '),
(3 ,16 , '2017-02-1 7:55:58  '),
(4 ,23 , '2017-02-9 3:37:5   '),
(5 ,1  , '2017-02-20 4:18:19 '),
(6 ,14 , '2017-02-20 14:40:2 '),
(7 ,71 , '2017-02-7 17:12:58 '),
(8 ,24 , '2017-02-11 10:35:44'),
(9 ,87 , '2017-02-13 1:3:5   '),
(10, 8 , '2017-02-13 1:37:30 '),
(11, 37, '2017-02-16 5:54:49 '),
(12, 4 , '2017-02-15 9:11:47 '),
(13, 76, '2017-02-6 13:32:27 '),
(14, 7 , '2017-02-6 3:7:29   '),
(15, 32, '2017-02-1 13:56:51 '),
(16, 97, '2017-02-5 3:55:2   '),
(17, 28, '2017-02-13 14:24:15'),
(18, 8 , '2017-02-6 16:21:39 '),
(19, 90, '2017-02-3 18:10:24 '),
(20, 70, '2017-02-8 19:18:8  '),
(21, 1 , '2017-02-16 17:34:9 '),
(22, 34, '2017-02-20 6:45:18 '),
(23, 63, '2017-02-6 9:30:15  '),
(24, 93, '2017-02-3 0:44:36  '),
(25, 58, '2017-02-1 12:42:4  '),
(26, 66, '2017-02-16 22:19:25'),
(27, 57, '2017-02-3 11:41:37 '),
(28, 6 , '2017-02-2 5:41:33  '),
(29, 14, '2017-02-16 14:41:15'),
(30, 48, '2017-02-2 8:55:5   '),
(31, 96, '2017-02-7 5:40:7   '),
(32, 91, '2017-02-20 16:17:33'),
(33, 41, '2017-02-4 1:29:18  '),
(34, 6 , '2017-02-10 1:45:35 '),
(35, 11, '2017-02-4 0:42:54  '),
(36, 22, '2017-02-2 15:2:33  '),
(37, 62, '2017-02-16 17:38:40'),
(38, 67, '2017-02-18 15:44:33'),
(39, 28, '2017-02-13 0:45:32 '),
(40, 64, '2017-02-11 4:27:6  '),
(41, 34, '2017-02-10 17:41:28'),
(42, 8 , '2017-02-16 19:48:1 '),
(43, 86, '2017-02-18 13:5:11 '),
(44, 46, '2017-02-16 0:51:11 '),
(45, 65, '2017-02-13 3:32:30 '),
(46, 12, '2017-02-9 20:30:24 '),
(47, 8 , '2017-02-20 18:20:41'),
(48, 69, '2017-02-11 3:32:26 '),
(49, 5 , '2017-02-10 14:7:55 '),
(50, 3 , '2017-02-1 1:55:55  '),
(51, 40, '2017-02-17 15:0:37 '),
(52, 12, '2017-02-15 17:9:33 '),
(53, 78, '2017-02-3 10:18:48 '),
(54, 82, '2017-02-2 23:37:37 '),
(55, 49, '2017-02-15 8:51:45 '),
(56, 56, '2017-02-3 7:43:24  '),
(57, 74, '2017-02-9 14:17:41 '),
(58, 11, '2017-02-9 15:52:20 '),
(59, 35, '2017-02-16 21:37:10'),
(60, 83, '2017-02-10 20:26:34'),
(61, 74, '2017-02-11 0:4:50  '),
(62, 9 , '2017-02-20 2:59:23 '),
(63, 52, '2017-02-1 10:23:23 '),
(64, 76, '2017-02-16 5:6:37  '),
(65, 22, '2017-02-17 7:41:34 '),
(66, 43, '2017-02-13 1:1:51  '),
(67, 36, '2017-02-12 5:58:36 '),
(68, 76, '2017-02-16 14:20:25'),
(69, 88, '2017-02-19 7:3:55  '),
(70, 7 , '2017-02-8 5:40:38  '),
(71, 90, '2017-02-14 6:8:46  '),
(72, 50, '2017-02-19 3:28:33 '),
(73, 47, '2017-02-18 21:10:49'),
(74, 38, '2017-02-20 4:0:54  '),
(75, 21, '2017-02-4 21:19:30 '),
(76, 7 , '2017-02-10 11:45:35'),
(77, 64, '2017-02-9 23:35:47 '),
(78, 67, '2017-02-14 7:59:14 '),
(79, 50, '2017-02-11 2:55:0  '),
(80, 93, '2017-02-3 5:20:4   ');

-- Views
INSERT INTO `Views`(`ID`, `PROGRAMADID`, `A_TIMESTAMP`) VALUES
(1  , 38 ,  ' 2017-02-11 12:16:3 '),
(2  , 24 ,  ' 2017-02-14 0:11:5  '),
(3  , 43 ,  ' 2017-02-18 11:14:59'),
(4  , 59 ,  ' 2017-02-19 21:23:49'),
(5  , 90 ,  ' 2017-02-9 23:50:8  '),
(6  , 23 ,  ' 2017-02-15 23:11:58'),
(7  , 41 ,  ' 2017-02-5 22:23:55 '),
(8  , 88 ,  ' 2017-02-9 19:6:45  '),
(9  , 33 ,  ' 2017-02-11 2:55:11 '),
(10 , 54 ,  ' 2017-02-16 0:17:40 '),
(11 , 72 ,  ' 2017-02-2 4:6:37   '),
(12 , 92 ,  ' 2017-02-11 22:25:55'),
(13 , 47 ,  ' 2017-02-15 5:32:26 '),
(14 , 44 ,  ' 2017-02-17 3:27:52 '),
(15 , 81 ,  ' 2017-02-14 4:58:24 '),
(16 , 1  ,  ' 2017-02-13 14:21:36'),
(17 , 89 ,  ' 2017-02-12 4:24:44 '),
(18 , 77 ,  ' 2017-02-3 6:53:37  '),
(19 , 13 ,  ' 2017-02-15 21:20:34'),
(20 , 20 ,  ' 2017-02-1 16:24:5  '),
(21 , 63 ,  ' 2017-02-3 10:33:57 '),
(22 , 65 ,  ' 2017-02-1 11:51:23 '),
(23 , 81 ,  ' 2017-02-7 16:49:56 '),
(24 , 23 ,  ' 2017-02-13 8:4:14  '),
(25 , 93 ,  ' 2017-02-15 10:45:19'),
(26 , 71 ,  ' 2017-02-2 8:12:50  '),
(27 , 95 ,  ' 2017-02-9 22:16:30 '),
(28 , 96 ,  ' 2017-02-17 10:39:16'),
(29 , 18 ,  ' 2017-02-13 11:33:59'),
(30 , 58 ,  ' 2017-02-18 3:30:5  '),
(31 , 68 ,  ' 2017-02-8 12:9:15  '),
(32 , 45 ,  ' 2017-02-1 20:18:26 '),
(33 , 75 ,  ' 2017-02-6 9:30:13  '),
(34 , 43 ,  ' 2017-02-18 12:58:25'),
(35 , 43 ,  ' 2017-02-20 14:54:4 '),
(36 , 36 ,  ' 2017-02-18 7:0:50  '),
(37 , 91 ,  ' 2017-02-14 20:49:18'),
(38 , 19 ,  ' 2017-02-20 15:25:4 '),
(39 , 48 ,  ' 2017-02-11 4:22:1  '),
(40 , 51 ,  ' 2017-02-10 2:45:15 '),
(41 , 55 ,  ' 2017-02-12 0:31:16 '),
(42 , 8  ,  ' 2017-02-18 4:35:4  '),
(43 , 37 ,  ' 2017-02-2 6:40:26  '),
(44 , 30 ,  ' 2017-02-9 4:4:18   '),
(45 , 12 ,  ' 2017-02-8 12:45:35 '),
(46 , 38 ,  ' 2017-02-13 9:17:56 '),
(47 , 1  ,  ' 2017-02-5 18:34:30 '),
(48 , 41 ,  ' 2017-02-2 23:46:17 '),
(49 , 39 ,  ' 2017-02-8 3:15:29  '),
(50 , 35 ,  ' 2017-02-13 11:49:24'),
(51 , 82 ,  ' 2017-02-1 7:1:36   '),
(52 , 47 ,  ' 2017-02-11 10:43:41'),
(53 , 5  ,  ' 2017-02-1 10:30:10 '),
(54 , 54 ,  ' 2017-02-19 5:36:38 '),
(55 , 11 ,  ' 2017-02-16 14:59:1 '),
(56 , 60 ,  ' 2017-02-15 4:44:13 '),
(57 , 53 ,  ' 2017-02-12 3:36:37 '),
(58 , 39 ,  ' 2017-02-6 18:50:48 '),
(59 , 6  ,  ' 2017-02-16 2:18:14 '),
(60 , 28 ,  ' 2017-02-18 23:32:20'),
(61 , 48 ,  ' 2017-02-10 15:12:16'),
(62 , 47 ,  ' 2017-02-2 8:18:23  '),
(63 , 88 ,  ' 2017-02-10 11:12:15'),
(64 , 37 ,  ' 2017-02-10 10:15:49'),
(65 , 38 ,  ' 2017-02-13 13:34:16'),
(66 , 82 ,  ' 2017-02-4 16:52:15 '),
(67 , 99 ,  ' 2017-02-13 21:5:10 '),
(68 , 69 ,  ' 2017-02-11 4:16:58 '),
(69 , 45 ,  ' 2017-02-14 11:1:31 '),
(70 , 38 ,  ' 2017-02-15 22:42:45'),
(71 , 8  ,  ' 2017-02-13 9:0:26  '),
(72 , 41 ,  ' 2017-02-8 18:24:32 '),
(73 , 22 ,  ' 2017-02-3 20:2:46  '),
(74 , 41 ,  ' 2017-02-16 20:57:36'),
(75 ,100 ,  ' 2017-02-18 6:45:20 '),
(76 , 56 ,  ' 2017-02-17 9:33:45 '),
(77 , 91 ,  ' 2017-02-19 2:5:28  '),
(78 , 49 ,  ' 2017-02-9 23:39:33 '),
(79 , 10 ,  ' 2017-02-10 6:56:2  '),
(80 , 81 ,  ' 2017-02-12 13:52:12'),
(81 , 55 ,  ' 2017-02-4 18:31:50 '),
(82 , 22 ,  ' 2017-02-14 15:9:25 '),
(83 , 78 ,  ' 2017-02-1 14:41:45 '),
(84 , 95 ,  ' 2017-02-19 9:7:26  '),
(85 , 30 ,  ' 2017-02-9 10:17:45 '),
(86 , 38 ,  ' 2017-02-10 8:5:59  '),
(87 , 4  ,  ' 2017-02-11 14:44:17'),
(88 , 69 ,  ' 2017-02-14 15:55:26'),
(89 , 11 ,  ' 2017-02-6 21:28:31 '),
(90 , 9  ,  ' 2017-02-12 22:29:38'),
(91 , 91 ,  ' 2017-02-16 11:0:31 '),
(92 , 60 ,  ' 2017-02-19 9:13:42 '),
(93 , 36 ,  ' 2017-02-11 19:3:54 '),
(94 , 5  ,  ' 2017-02-12 11:34:58'),
(95 , 57 ,  ' 2017-02-11 0:26:31 '),
(96 , 65 ,  ' 2017-02-2 12:52:41 '),
(97 , 68 ,  ' 2017-02-17 21:37:9 '),
(98 , 6  ,  ' 2017-02-12 10:7:4  '),
(99 , 97 ,  ' 2017-02-15 4:27:28 '),
(100, 33 ,  ' 2017-02-5 12:23:4  ');

-- Downloads
INSERT INTO `Downloads`(`ID`, `PROGRAMADID`, `A_TIMESTAMP`) VALUES 
(1 , 99, '2017-02-9 1:42:2   '),
(2 , 3 , '2017-02-15 14:59:17'),
(3 , 4 , '2017-02-17 4:41:22 '),
(4 , 20, '2017-02-4 20:17:3  '),
(5 , 30, '2017-02-20 20:1:39 '),
(6 , 30, '2017-02-3 8:58:50  '),
(7 , 49, '2017-02-10 14:33:54'),
(8 , 55, '2017-02-15 8:24:15 '),
(9 , 94, '2017-02-18 16:12:32'),
(10, 79, '2017-02-15 8:47:53 '),
(11, 14, '2017-02-6 19:20:53 '),
(12, 97, '2017-02-13 9:47:57 '),
(13, 14, '2017-02-3 15:6:52  '),
(14, 41, '2017-02-7 2:5:44   '),
(15, 64, '2017-02-3 6:30:2   '),
(16, 36, '2017-02-6 0:54:43  '),
(17, 39, '2017-02-6 7:53:59  '),
(18, 58, '2017-02-16 20:26:46'),
(19, 78, '2017-02-2 6:6:22   '),
(20, 59, '2017-02-1 4:32:49  '),
(21, 60, '2017-02-3 20:26:50 '),
(22, 64, '2017-02-16 22:45:38'),
(23, 13, '2017-02-17 7:7:44  '),
(24, 40, '2017-02-17 16:17:44'),
(25, 70, '2017-02-17 10:18:12'),
(26, 83, '2017-02-17 8:25:56 '),
(27, 74, '2017-02-8 13:7:51  '),
(28, 14, '2017-02-1 23:56:14 '),
(29, 43, '2017-02-14 21:46:57'),
(30, 75, '2017-02-17 1:56:39 '),
(31, 27, '2017-02-1 18:46:22 '),
(32, 50, '2017-02-13 11:35:20'),
(33, 74, '2017-02-10 5:6:7   '),
(34, 62, '2017-02-10 4:33:56 '),
(35, 7 , '2017-02-20 0:40:58 '),
(36, 88, '2017-02-12 7:32:26 '),
(37, 77, '2017-02-12 13:54:2 '),
(38, 42, '2017-02-16 23:42:40'),
(39, 82, '2017-02-19 15:10:53'),
(40, 55, '2017-02-19 6:6:0   '),
(41, 64, '2017-02-2 21:13:27 '),
(42, 89, '2017-02-15 0:24:58 '),
(43, 8 , '2017-02-14 13:52:16'),
(44, 50, '2017-02-18 22:42:47'),
(45, 89, '2017-02-19 18:31:23'),
(46, 40, '2017-02-6 11:28:34 '),
(47, 56, '2017-02-13 17:59:3 '),
(48, 50, '2017-02-8 7:28:34  '),
(49, 6 , '2017-02-12 21:34:22'),
(50, 78, '2017-02-9 11:8:22  ');